{
  "n_bets": 1,
  "avg_EV": 0.050000000000000044,
  "final_bankroll": 988.6363636363636,
  "ROI": -0.011363636363636374,
  "start_bankroll": 1000.0
}